1,App\Models\User,1
2,App\Models\User,2
3,App\Models\User,3
3,App\Models\User,58
3,App\Models\User,59
3,App\Models\User,61
3,App\Models\User,62
3,App\Models\User,63
3,App\Models\User,64
3,App\Models\User,65
3,App\Models\User,66
3,App\Models\User,67
3,App\Models\User,68
3,App\Models\User,69
3,App\Models\User,70
3,App\Models\User,71
3,App\Models\User,72
3,App\Models\User,73
3,App\Models\User,74
3,App\Models\User,75
3,App\Models\User,76
3,App\Models\User,77
3,App\Models\User,78
3,App\Models\User,79
3,App\Models\User,80
3,App\Models\User,81
3,App\Models\User,82
3,App\Models\User,83
3,App\Models\User,84
3,App\Models\User,85
3,App\Models\User,86
3,App\Models\User,87
3,App\Models\User,88
3,App\Models\User,89
3,App\Models\User,90
3,App\Models\User,91
3,App\Models\User,92
3,App\Models\User,93
3,App\Models\User,94
3,App\Models\User,95
3,App\Models\User,96
3,App\Models\User,97
3,App\Models\User,98
3,App\Models\User,99
3,App\Models\User,100
3,App\Models\User,101
3,App\Models\User,102
3,App\Models\User,103
3,App\Models\User,104
3,App\Models\User,106
